col1,col2,F606W,F814W,col5
59.122,115.55,26.029,25.477,1
94.501,229.236,28.011,27.243,1
189.313,43.83,30.912,29.336,1
316.541,59.915,24.883,24.35,1
410.045,142.208,24.331,23.803,1
416.932,113.205,26.373,25.804,1
454.616,30.434,27.356,26.62,1
471.602,176.121,27.304,26.503,1
488.312,207.129,25.165,24.686,1
542.552,62.711,23.072,21.057,1
583.578,113.49,25.708,25.163,1
576.703,231.88,22.717,21.102,1
654.699,76.241,25.97,25.411,1
693.738,52.105,28.255,27.304,1
732.355,131.953,26.131,25.596,1
778.819,64.987,28.67,27.7,1
811.248,33.576,28.529,27.588,1
796.387,140.68,26.824,26.027,1
872.385,186.936,28.956,28.228,1
869.195,210.91,29.646,28.319,1
937.378,34.42,28.535,27.47,1
982.534,177.276,27.966,27.108,1
1017.708,93.486,26.529,25.983,1
1060.697,101.852,24.7,23.355,1
1069.16,79.143,27.029,26.376,1
1080.893,76.043,28.048,27.209,1
1109.341,186.597,27.005,26.391,1
1151.167,30.399,29.773,28.275,1
1158.988,173.145,24.729,24.172,1
1179.838,170.212,25.451,24.903,1
1218.297,13.459,26.763,26.082,1
1226.936,28.384,28.591,27.689,1
1221.545,59.205,27.543,26.801,1
1310.919,170.545,24.829,24.298,1
1336.349,178.652,27.406,26.643,1
1352.791,104,27.473,26.805,1
1402.156,135.197,24.864,22.938,1
1407.67,189.638,28.048,27.093,1
1446.833,12.533,25.157,24.607,1
1479.34,121.696,28.632,27.71,1
1487.925,182.401,26.085,25.526,1
1495.356,118.834,28.6,27.544,1
1536.719,230.865,27.518,26.94,1
1556.598,44.367,28.757,27.597,1
1582.346,130.754,26.522,25.864,1
1604.274,25.889,26.496,25.937,1
1591.762,189.705,26.05,25.492,1
1620.996,17.456,25.315,24.827,1
1631.375,13.353,26.185,25.63,1
1619.68,100.844,26.983,26.389,1
1613.67,129.013,27.056,26.397,1
1675.796,112.951,23.486,23.292,1
1666.413,119.706,27.379,26.653,1
1702.191,122.248,25.027,24.514,1
1726.404,29.725,26.952,26.307,1
1715.499,161.017,27.128,26.572,1
1740.719,74.937,26.666,26,1
1748.067,135.222,25.737,25.191,1
1774.514,180.744,24.207,23.685,1
1794.733,25.37,26.683,25.946,1
1812.078,34.711,28.456,27.448,1
1834.129,115.521,26.686,26.011,1
1844.196,223.272,27.016,26.322,1
1861.935,224.89,25.714,25.117,1
1903.609,32.233,25.898,25.27,1
1895.981,186.425,27.409,26.662,1
1918.467,54.5,25.479,24.964,1
1931.815,127.516,28.474,27.607,1
1957.981,61.747,28.31,27.39,1
1956.042,154.128,25.985,25.354,1
1963.691,25.753,27.928,26.932,1
1974.439,117.367,26.109,25.548,1
1984.421,149.236,26.105,25.539,1
1975.895,221.491,26.803,26.132,1
2032.414,78.258,26.954,26.26,1
2020.995,161.629,26.415,25.89,1
2024.292,139.502,24.593,24.139,1
2026.784,203.74,24.961,24.422,1
2014.324,231.909,27.45,26.724,1
2041.433,152.514,24.192,23.916,1
2072.54,125.462,26.696,26.06,1
2094.661,98.579,24.274,23.657,1
2119.715,207.109,25.13,24.612,1
2180.671,57.014,25.789,25.268,1
2163.989,81.441,26.879,26.163,1
2164.79,185.558,28.966,27.952,1
2181.421,192.497,27.642,26.858,1
2197.042,94.562,24.429,23.963,1
2264.984,161.488,27.106,26.371,1
2311.916,75.774,24.54,24.048,1
2301.097,156.583,25.139,24.651,1
2325.11,89.531,28.1,27.348,1
2385.455,97.61,27.061,26.329,1
2365.402,139.768,27.507,26.715,1
2384.342,188.982,27.275,26.536,1
2416.499,175.742,27.625,26.917,1
2487.018,176.109,28.663,27.596,1
2510.189,136.986,28.869,28.138,1
2540.725,21.751,25.942,25.417,1
2570.095,198.223,27.121,26.343,1
2603.817,176.596,26.624,26.002,1
2624.069,51.925,25.687,25.184,1
2634.625,47.082,26.516,25.9,1
2636.266,171.709,27.357,26.685,1
2656.182,76.804,28.133,27.325,1
2649.709,98.258,27.338,26.583,1
2682.161,80.499,25.013,24.509,1
2670.558,175.624,25.169,24.671,1
2784.443,206.855,26.755,26.175,1
2792.482,132.145,27.166,26.429,1
2817.181,181.235,27.492,26.741,1
2933.675,155.313,28.242,27.256,1
3009.974,94.667,28.651,27.738,1
3131.545,52.274,26.083,25.517,1
3115.297,116.081,29.585,28.135,1
3187.123,66.648,26.694,26.039,1
3209.824,123.325,27.707,26.868,1
3210.739,161.437,26.673,26.052,1
3386.561,218.034,26.641,26.042,1
3436.21,62.126,27.269,26.456,1
3498.297,89.87,26.452,25.837,1
3807,74.719,26.623,25.997,1
3871.843,109.236,28.311,28.202,1
3930.532,112.123,25.088,24.562,1
4064.476,199.949,28.346,27.505,1
60.971,364.822,27.54,26.864,1
102.921,428.473,26.234,25.547,1
102.89,446.309,26.777,26.112,1
180.075,414.544,26.92,25.495,1
255.888,309.525,25.61,25.092,1
276.674,405.867,26.823,26.172,1
292.712,260.261,23.766,22.55,1
298.599,452.015,28.269,27.23,1
450.958,462.595,26.564,25.933,1
439.14,483.715,28.352,27.442,1
465.716,286.59,28.455,28.024,1
472.309,329.647,28.37,27.592,1
537.149,325.095,25.771,25.255,1
591.211,265.524,28.755,27.721,1
649.448,340.452,26.472,25.86,1
794.938,337.988,24.889,24.468,1
863.101,485.071,22.824,21.161,1
908.468,266.186,26.343,25.752,1
900.064,385.478,25.016,24.474,1
954.743,445.027,25.553,25.032,1
983.913,376.895,27.01,26.299,1
1031.251,281.431,27.551,26.777,1
1022.943,349.096,23.503,22.835,1
1016.7,396.516,24.045,22.27,1
1136.463,356.746,26.014,25.425,1
1146.369,424.696,28.789,27.987,1
1160.137,481.397,27.633,26.772,1
1194.8,286.127,27.642,26.955,1
1208.4,315.4,25.499,23.592,1
1189.901,343.686,25.319,24.835,1
1242.668,317.209,25.406,24.88,1
1238.744,468.028,24.583,24.077,1
1269.939,312.892,24.682,24.181,1
1308.26,376.698,27.518,26.735,1
1316.02,341.199,26.61,25.98,1
1351.273,459.952,25.511,24.967,1
1380.514,250.076,28.761,27.899,1
1441.648,458.632,27.329,26.713,1
1470.904,257.025,27.376,26.679,1
1474.277,337.091,26.33,25.693,1
1464.154,420.039,26.337,25.745,1
1493.057,272.093,27.947,27.188,1
1529.584,362.461,27.746,27.007,1
1530.45,443.61,30.205,28.66,1
1541.347,317.289,25.779,25.271,1
1575.516,256.873,26.002,25.468,1
1563.505,272.021,26.831,26.193,1
1567.108,295.946,25.397,24.859,1
1564.357,337.682,24.77,24.288,1
1584.564,417.976,26.501,25.824,1
1589.731,376.159,26.466,25.894,1
1625.19,289.288,23.437,20.745,1
1652.929,376.422,27.822,26.971,1
1652.708,424.252,28.684,27.753,1
1684.771,299.993,25.618,25.083,1
1664.1,381.453,27.515,26.791,1
1710.185,410.67,28.651,27.612,1
1691.402,487.464,25.555,25.064,1
1754.609,287.395,26.723,26.072,1
1749.901,323.738,29.976,28.583,1
1749.203,428.9,28.543,27.406,1
1762.108,472.671,29.222,28.104,1
1837.891,274.856,24.499,24.013,1
1846.117,297.69,26.566,25.861,1
1883.126,256.21,25.355,24.185,1
1886.292,403.15,25.693,25.171,1
1888.411,448.348,26.841,26.224,1
1996.1,399.152,26.458,25.83,1
2026.861,440.609,24.086,23.588,1
2026.256,466.93,28.256,27.383,1
2045.519,395.862,26.458,25.801,1
2063.119,280.709,24.818,24.303,1
2076.025,302.117,25.783,25.202,1
2087.819,334.402,29.501,28.326,1
2110.917,398.866,24.972,24.447,1
2154.46,336.032,27.594,26.776,1
2178.231,321.562,25.786,24.386,1
2173.626,350.122,31.418,28.652,1
2187.105,357.89,27.199,26.425,1
2185.375,464.409,24.13,23.575,1
2243.198,345.411,24.577,24.243,1
2272.248,448.414,25.733,25.115,1
2340.954,267.738,28.486,26.955,1
2339.995,345.305,25.752,25.228,1
2350.681,436.182,28,27.116,1
2382.123,310.718,26.12,25.464,1
2402.54,279.517,27.337,26.687,1
2400.773,401.13,25.387,24.871,1
2408.262,485.658,22.107,21.515,1
2413.701,414.464,24.295,23.796,1
2445.772,264.898,25.39,24.868,1
2439.154,335.004,25.296,24.797,1
2441.862,380.162,27.598,26.736,1
2514.913,238.534,27.233,26.537,1
2585.271,412.235,26.399,25.785,1
2611.967,296.063,28.421,27.504,1
2605.741,424.229,26.108,25.481,1
2650.359,263.384,28.53,27.898,1
2647.196,335.176,24.437,24.129,1
2660.436,382.069,27.853,27.043,1
2669.535,333.809,27.232,26.518,1
2675.971,391.681,24.104,23.576,1
2699.071,275.65,24.18,23.57,1
2702.387,455.834,25.721,25.161,1
2727.195,284.766,28.202,27.255,1
2747.448,239.482,27.167,26.471,1
2788.887,392.547,27.922,27.118,1
2830.51,366.231,28.735,27.726,1
2823.76,452.141,25.309,24.809,1
2868.451,239.556,21.496,21.304,1
2883.565,273.384,27.226,26.417,1
2870.568,446.315,27.681,26.822,1
2889.504,350.759,23.993,23.452,1
2912.812,352.886,26.854,26.227,1
2899.202,403.486,27.114,26.461,1
2930.36,424.371,28.385,27.467,1
2924.931,466.177,26.627,25.957,1
2986.537,450.537,27.171,26.432,1
3011.22,293.676,23.756,22.213,1
2992.013,342.692,27.16,26.437,1
3135.233,355.513,26.427,25.707,1
3135.058,400.667,28.322,27.472,1
3173.261,327.653,28.087,27.255,1
3216.388,394.752,25.019,22.808,1
3236.11,418.04,26.774,26.045,1
3299.986,337.276,30.602,31.181,1
3378.366,354.601,27.623,26.871,1
3373.495,468.704,34.216,28.99,1
3478.775,248.007,28.754,27.991,1
3496.617,323.798,28.658,28.088,1
3514.189,302.658,26.531,25.928,1
3625.103,386.663,27.6,26.713,1
3777.096,333.718,26.293,25.74,1
3782.594,484.942,25.176,24.701,1
3816.258,466.899,26.571,25.939,1
3855.874,293.331,28.833,27.773,1
3927.503,426.517,26.966,26.404,1
3975.736,313.113,26.781,26.155,1
4051.279,251.975,26.709,26.101,1
4094.142,387.681,27.269,26.606,1
142.724,640.966,26.289,25.605,1
138.463,687.377,25.139,24.655,1
187.526,635.831,25.423,24.865,1
219.719,718.471,29.423,28.133,1
236.861,636.179,31.146,29.138,1
315.842,646.189,27.123,26.501,1
360.557,534.932,25.396,24.885,1
366.111,511.534,27.119,26.414,1
397.469,578.83,27.907,27.022,1
413.609,535.551,27.505,26.769,1
633.102,536.338,26.618,25.974,1
687.452,665.342,27.282,26.492,1
709.335,554.838,29.765,28.414,1
695.734,621.312,27.447,26.721,1
733.187,621.479,24.844,24.282,1
713.177,706.262,26.447,25.916,1
761.637,623.511,26.043,25.468,1
783.229,590.264,28.384,27.644,1
788.707,493.268,27.502,26.728,1
828.142,701.262,26.117,24.686,1
861.471,736.631,24.415,23.916,1
869.629,573.311,26.247,25.661,1
957.727,650.56,27.855,27.12,1
989.875,584.861,31.621,29.262,1
1012.627,583.894,25.765,25.199,1
1010.555,691.92,28.625,27.793,1
1045.003,711.627,29.481,28.912,1
1069.097,519.034,29.683,28.088,1
1067.846,560.664,23.516,22.59,1
1081.465,595.226,26.141,25.61,1
1078.079,700.258,24.86,24.328,1
1109.56,657.455,30.958,31.66,1
1178.322,496.18,26.161,25.626,1
1180.446,684.168,25.733,25.195,1
1163.243,734.812,27.538,26.461,1
1191.814,614.277,28.577,28.137,1
1216.191,568.992,26.94,26.261,1
1224.903,680.632,26.412,25.731,1
1264.765,572.626,27.815,27.069,1
1305.086,698.204,28.239,27.338,1
1314.144,501.622,28.05,27.009,1
1332.686,556.471,27.168,26.59,1
1334.507,635.369,27.5,26.788,1
1333.082,658.166,26.504,25.879,1
1434.991,510.655,27.281,26.604,1
1444.164,570.339,27.764,27.069,1
1468.39,558,24.031,23.47,1
1481.693,616.106,26.464,25.892,1
1510.443,702.084,29.822,28.302,1
1535.799,496.844,26.217,25.681,1
1533.222,698.677,28.311,27.562,1
1621.581,692.974,27.009,24.724,1
1638.682,619.29,27.053,26.361,1
1665.706,579.003,25.343,24.81,1
1701.913,626.846,27.082,26.361,1
1756.391,544.683,28.466,27.76,1
1758.625,601.529,27.108,26.455,1
1749.144,661.327,24.368,23.959,1
1766.659,726.97,26.769,26.012,1
1835.411,709.649,27.274,26.47,1
1866.153,531.49,26.264,25.693,1
1959.194,562.92,27.191,26.378,1
1953.82,589.216,25.399,24.863,1
1955.889,689.5,23.163,22.49,1
1978.658,553.438,25.76,25.206,1
1963.233,566.689,25.719,25.173,1
2073.612,656.118,27.102,26.362,1
2074.601,714.896,26.928,26.119,1
2093.09,653.383,27.348,26.642,1
2110.102,657.255,27.951,27.271,1
2186.177,619.419,28.482,27.752,1
2284.815,631.173,25.536,24.989,1
2273.778,648.229,27.467,26.778,1
2334.012,551.392,26.498,25.824,1
2330.191,615.591,27.909,26.981,1
2349.183,495.484,26.358,25.753,1
2354.306,513.38,29.212,28.273,1
2359.004,618.02,28.225,27.368,1
2339.24,639.376,24.398,23.857,1
2376.318,662.59,27.517,26.742,1
2416.924,707.635,27.921,27.102,1
2451.241,691.579,26.903,26.249,1
2480.823,611.297,25.082,24.579,1
2524.151,655.457,24.717,24.135,1
2605.917,661.899,28.474,27.615,1
2592.124,698.495,26.085,25.506,1
2620.454,542.288,27.9,25.166,1
2637.641,577.373,24.909,24.421,1
2617.404,701.498,29.873,28.771,1
2657.42,548.96,24.967,24.468,1
2683.821,524.5,26.876,25.255,1
2718.185,488.404,28.644,27.986,1
2727.871,576.893,27.998,27.084,1
2735.255,595.208,27.244,26.571,1
2734.303,619.816,25.404,24.799,1
2735.982,697.844,26.083,25.503,1
2745.329,637.09,24.391,23.869,1
2782.983,500.563,26.881,26.235,1
2778.498,708.28,25.958,25.42,1
2813.031,594.042,25.678,25.127,1
2855.075,689.209,26.778,26.107,1
2864.295,588.785,27.973,27.036,1
2960.448,637.3,26.199,25.596,1
3024.515,659.517,27.735,26.895,1
3069.614,576.661,27.329,24.494,1
3106.387,707.201,25.851,25.238,1
3122.902,499.726,26.346,25.656,1
3131.177,714.516,28.748,27.798,1
3173.54,719.656,28.708,27.717,1
3194.158,603.644,28.027,27.098,1
3209.53,613.523,25.146,23.487,1
3223.774,650.953,25.002,24.49,1
3336.802,657.37,27.194,26.374,1
3335.508,676.24,26.885,24.172,1
3373.417,498.977,26.391,25.75,1
3393.115,515.971,26.852,26.181,1
3478.882,711.842,27.988,27.229,1
3502.896,505.996,28.461,27.436,1
3558.4,634.174,26.029,24.66,1
3573.311,490.959,25.9,24.459,1
3601.66,551.911,28.502,27.673,1
3613.034,659.07,27.945,27.157,1
3652.451,587.651,22.911,21.432,1
3712.429,532.662,26.797,26.203,1
3694.984,561.357,20.214,19.371,1
3814.549,734.091,27.923,27.059,1
3901.743,660.328,27.56,26.75,1
4098.468,578.383,28.679,27.763,1
275.458,825.101,22.821,21.532,1
269.442,914.857,25.415,24.887,1
350.924,887.747,27.6,26.155,1
412.517,740.446,28.056,27.322,1
467.663,827.766,27.28,26.608,1
550.012,833.155,20.517,20.246,1
562.51,854.984,28.223,27.34,1
636.156,926.629,26.601,26.047,1
674.275,839.236,28.017,27.285,1
688.232,823.861,27.604,26.809,1
689.709,930.029,31.148,29.679,1
737.87,900.921,29.716,29.195,1
764.263,814.425,27.375,26.786,1
825.88,746.617,26.508,25.86,1
966.778,937.641,20.537,19.902,1
1004.652,984.957,25.952,25.387,1
1058.914,865.608,24.725,24.237,1
1084.245,768.686,25.219,22.642,1
1115.604,910.397,27.837,26.973,1
1180.554,778.067,23.826,23.198,1
1284.948,796.267,26.687,26.009,1
1335.087,856.726,26.098,25.553,1
1349.241,915.524,29.414,28.411,1
1338.979,949.574,24.599,24.087,1
1376.845,870.397,24.794,24.263,1
1387.818,910.661,26.168,25.577,1
1370.685,981.387,23.966,23.361,1
1396.02,767.294,26.634,26.051,1
1406.834,777.099,25.678,25.115,1
1410.163,963.846,24.174,23.637,1
1460.522,983.168,25.397,24.872,1
1467.46,810.122,21.304,20.549,1
1472.224,884.953,28.778,27.916,1
1469.177,925.712,26.393,25.784,1
1581.193,891.397,29.394,28.584,1
1571.832,939.904,26.537,25.825,1
1593.857,811.476,27.505,26.747,1
1709.31,891.424,27.623,26.679,1
1699.059,961.841,22.764,20.915,1
1734.319,799.324,27.992,27.148,1
1781.581,982.744,26.295,25.745,1
1791.401,784.418,26.274,25.737,1
1796.557,779.777,25.022,24.553,1
1802.657,816.052,32.504,29.668,1
1850.374,741.944,26.758,26.141,1
1853.363,982.806,25.895,25.228,1
1912.013,757.688,26.252,25.748,1
1932.638,781.191,27.159,26.554,1
1932.783,965.25,26.936,26.329,1
1943.96,922.491,25.947,25.312,1
1965.018,839.947,29.992,30.573,1
1984.929,942.45,25.692,25.131,1
2005.692,925.203,26.295,25.683,1
2040.138,808.208,26.174,25.547,1
2072.164,942.629,26.855,26.223,1
2086.718,945.913,24.895,24.382,1
2185.485,839.476,26.205,25.628,1
2237.276,817.063,25.616,25.125,1
2268.973,819.775,26.484,25.771,1
2299.624,758.778,24.051,23.511,1
2429.73,787.042,25.469,24.995,1
2433.269,797.179,27.954,27.335,1
2436.496,841.922,25.57,23.139,1
2456.116,935.604,25.353,23.345,1
2446.311,939.387,26.356,25.736,1
2485.143,849.95,26.25,25.624,1
2471.771,947.336,26.52,25.871,1
2504.609,745.871,25.009,24.526,1
2526.853,787.088,25.487,24.954,1
2522.241,962.023,29.661,28.742,1
2541.553,768.389,22.516,21.8,1
2557.004,779.191,26.457,25.853,1
2538.85,829.996,28.933,28.054,1
2554.999,978.153,26.968,26.141,1
2583.911,865.708,27.922,26.985,1
2594.206,739.888,26.79,26.162,1
2598.816,780.293,25.387,24.921,1
2605.081,836.299,28.85,27.808,1
2598.805,847.57,26.712,26.148,1
2639.107,756.582,27.073,26.403,1
2674.74,810.845,26.853,25.467,1
2683.86,848.966,27.599,26.821,1
2697.749,896.271,27.246,26.435,1
2720.117,837.284,26.939,26.288,1
2749.534,748.187,25.83,25.294,1
2835.621,775.189,21.544,21.352,1
2887.604,800.061,24.85,24.31,1
2867.18,855.033,27.415,26.666,1
2864.494,977.596,28.157,27.376,1
2907.163,811.92,26.456,25.784,1
2907.462,914.802,26.338,25.727,1
2912.621,946.907,28.148,27.382,1
2905.768,985.335,28.077,27.186,1
2935.75,742.03,24.685,23.485,1
2981.836,912.961,26.084,25.579,1
2982.462,932.852,28.978,27.918,1
3024.099,912.631,28.704,27.645,1
3015.847,974.066,26.348,25.709,1
3052.486,804.892,30.171,28.751,1
3129.548,771.451,27.117,26.416,1
3148.753,784.266,25.849,25.25,1
3166.238,799.878,26.318,25.754,1
3195.472,955.026,26.104,25.536,1
3291.697,974.815,26.24,25.678,1
3317.481,863.428,26.449,25.817,1
3325.937,950.227,24.906,24.394,1
3354.102,883.819,27.85,27.059,1
3386.176,752.223,23.594,21.301,1
3481.516,758.342,28.943,28.995,1
3546.317,895.031,24.947,24.38,1
3712.897,848.981,28.666,28.162,1
3704.468,937.998,25.48,24.93,1
3810.543,914.846,27.07,26.423,1
103.248,992.147,26.967,26.334,1
103.199,1223.461,25.313,24.793,1
183.753,1180.625,28.695,27.664,1
329.482,1097.685,28.831,27.805,1
404.747,1122.42,20.92,19.945,1
399.268,1174.604,27.353,26.651,1
419.672,1039.045,27.067,26.361,1
445.614,1162.833,28.091,28.032,1
464.917,1030.507,25.574,23.521,1
561.447,1185.526,26.761,26.14,1
611.753,1198.158,28.487,27.395,1
646.014,1015.189,28.687,27.799,1
709.977,1021.331,27.239,26.429,1
728.069,1157.354,26.214,25.667,1
819.093,995.801,25.759,25.184,1
846.924,1063.915,22.864,22.183,1
862.414,1189.168,28.493,27.625,1
897.065,1214.062,23.16,20.889,1
989.513,1055.855,26.176,25.586,1
1024.899,1063.345,25.873,25.356,1
1060.636,1074.596,27.476,26.69,1
1076.307,994.026,23.378,22.71,1
1093.19,1182.574,26.842,26.194,1
1122.211,1061.422,21.457,21.258,1
1118.579,1090.809,26.139,25.57,1
1138.089,994.503,23.981,23.345,1
1214.379,1055.57,28.701,27.822,1
1213.269,1075.476,28.471,27.374,1
1223.162,1157.44,25.23,22.97,1
1214.183,1225.984,28.791,27.844,1
1246.006,1220.698,26.852,26.272,1
1287.094,1004.147,26.678,26.121,1
1304.8,1188.755,27.521,26.769,1
1314.053,1096.246,27.31,26.596,1
1337.633,1176.837,24.414,23.886,1
1317.644,1200.91,26.538,25.983,1
1354.102,1115.76,25.264,24.698,1
1347.444,1158.057,28.192,27.351,1
1474.028,1220.92,26.963,26.293,1
1497.106,1233.909,27.715,26.926,1
1544.118,1061.679,28.742,27.971,1
1560.989,1112.595,28.114,27.35,1
1578.974,1140.58,23.082,22.395,1
1604.988,1101.836,26.618,25.925,1
1594.63,1215.533,27.466,26.759,1
1624.299,1091.343,27.798,27.058,1
1633.789,1128.034,30.08,29.172,1
1655.588,1030.603,29.777,28.346,1
1660.223,1034.724,28.041,26.626,1
1735.275,1040.757,26.2,25.62,1
1723.867,1237.463,26.923,26.177,1
1751.758,1067.166,23.554,21.252,1
1771.007,1135.196,29.553,27.057,1
1816.54,1052.491,27.535,26.646,1
1828.42,1038.371,27.177,26.347,1
1831.872,1211.54,27.335,26.555,1
1860.502,1137.69,26.823,26.228,1
1865.039,1035.507,26.138,25.585,1
1934.598,1062.692,26.258,25.648,1
1929.759,1111.962,28.999,27.882,1
1950.025,1121.323,28.464,27.648,1
1960.885,1188.924,27.253,26.416,1
1986.323,999.811,21.112,20.558,1
2006.032,1000.711,26.239,24.97,1
2004.399,1153.192,27.298,26.614,1
1991.083,1196.584,26.401,25.818,1
2029.909,995.17,28.47,27.837,1
2019.782,1015.065,27.635,26.951,1
2028.219,1033.207,26.54,25.962,1
2037.795,1046.035,27.385,26.697,1
2085.142,1003.389,25.754,25.219,1
2069.848,1110.762,26.771,26.142,1
2091.771,1098.648,28.442,27.645,1
2095.739,1122.38,26.571,25.935,1
2114.47,1124.723,26.66,25.968,1
2122.499,1200.578,26.778,26.141,1
2153.091,1079.88,27.715,26.842,1
2154.331,1134.46,26.82,26.009,1
2225.715,1143.866,25.126,24.585,1
2249.09,1124.287,26.648,26.101,1
2299.433,1114.542,25.538,24.984,1
2341.859,1134.802,27.966,27.129,1
2350.915,1177.951,26.165,25.557,1
2383.661,1213.134,26.841,26.096,1
2476.387,1209.031,27.129,26.408,1
2535.121,1203.06,28.167,27.278,1
2578.161,1009.195,26.149,25.571,1
2610.533,1131.262,25.32,24.8,1
2600.081,1209.761,20.818,20.226,1
2654.475,1025.995,26.657,25.891,1
2679.129,1028.322,26.417,25.815,1
2695.787,1118.18,28.677,27.512,1
2754.481,1136.715,25.208,24.679,1
2801.445,1023.426,27.26,26.587,1
2818.517,990.176,28.274,27.267,1
2846.878,1045.337,25.914,25.366,1
2865.369,1084.739,29.978,28.55,1
2869.102,1175.953,26.018,25.39,1
2897.205,1134.158,31.158,33.318,1
2918.945,1080.528,26.719,26.072,1
2984.918,995.851,27.398,26.565,1
2969.803,1185.497,27.672,26.837,1
2995.707,1109.803,27.882,27.026,1
3033.819,1146.654,27.165,26.429,1
3048.909,1174.055,27.542,26.784,1
3043.238,1237.592,28.14,27.354,1
3118.25,1169.056,28.086,27.432,1
3173.058,1166.488,26.021,25.466,1
3207.028,1181.87,29.501,28.351,1
3222.704,997.708,27.229,26.374,1
3256.312,1022.378,25.964,25.498,1
3244.749,1050.437,25.38,24.844,1
3281.219,1133.44,28.707,27.692,1
3311.082,1036.055,28.075,27.182,1
3537.671,1135.552,22.82,22.134,1
3564.328,989.761,28.041,27.181,1
3590.77,1223.712,29.997,30.453,1
3724,1084.022,28.838,27.834,1
3776.239,1219.742,26.884,26.19,1
3813.274,1017.03,27.3,26.641,1
3825.158,1109.228,23.769,23.466,1
3906.412,1026.47,28.411,27.306,1
3936.388,1156.321,28.172,27.479,1
3989.678,1181.687,26.782,25.999,1
80.031,1374.08,25.788,25.186,1
177.732,1412.727,25.511,24.98,1
195.369,1371.502,28.537,27.928,1
357.333,1348.885,23.777,22.929,1
532.107,1315.038,25.8,25.271,1
561.336,1302.942,27.097,26.402,1
561.021,1438.663,27.464,26.498,1
626.595,1269.73,27.597,26.661,1
683.457,1274,28.243,27.482,1
768.154,1239.73,25.668,25.121,1
786.529,1374.33,24.128,23.588,1
939.247,1384.764,24.668,24.166,1
952.301,1480.234,25.04,24.549,1
977.92,1293.537,28.691,28.147,1
986.132,1390.317,27.742,26.959,1
988.93,1482.805,25.046,24.57,1
1023.604,1384.298,27.023,26.381,1
1012.977,1415.443,28.569,28.273,1
1017.872,1465.77,21.643,20.921,1
1046.887,1263.28,26.717,26.015,1
1072.902,1387.43,25.436,24.978,1
1094.078,1349.57,26.126,25.543,1
1129.16,1423.675,26.791,26.13,1
1159.327,1479.161,26.839,26.227,1
1169.25,1290.158,27.352,26.868,1
1198.958,1474.741,27.294,26.625,1
1298.856,1250.597,30,30.114,1
1317.831,1348.949,25.602,25.028,1
1406.82,1307.88,28.212,27.392,1
1399.161,1398.344,31.601,31.154,1
1430.43,1238.445,28.765,27.818,1
1432.962,1408.134,27.816,26.843,1
1470.866,1465.45,26.326,25.757,1
1513.958,1318.644,28.364,27.603,1
1542.096,1431.095,26.596,26.039,1
1549.399,1452.083,27.82,26.907,1
1565.293,1442.513,26.131,25.482,1
1602.997,1260.74,27.572,26.782,1
1650.455,1433.448,26.911,26.133,1
1667.707,1424.422,28.101,27.33,1
1706.605,1259.198,27.263,26.482,1
1742.903,1410.455,28.682,27.789,1
1761.307,1484.509,22.746,22.042,1
1778.011,1305.16,27.829,27.009,1
1828.149,1257.768,28.767,27.462,1
1817.845,1404.113,28.79,27.854,1
1843.152,1408.429,27.531,26.847,1
1898.746,1457.405,26.372,25.723,1
1917.12,1269.524,24.402,23.882,1
1931.319,1307.079,26.514,25.918,1
1927.795,1325.108,27.1,26.431,1
1969.771,1296.286,28.644,27.636,1
2019.995,1240.231,24.998,24.478,1
2035.703,1426.723,28.416,27.487,1
2039.92,1342.602,28.088,27.192,1
2074.579,1377.454,24.533,24.056,1
2102.8,1311.438,27.022,26.341,1
2093.196,1435.596,25.635,25.029,1
2175.15,1377.601,26.959,26.371,1
2163.27,1407.877,26.076,25.511,1
2213.52,1465.831,27.392,26.655,1
2238.311,1263.417,26.103,25.53,1
2279.552,1347.002,26.611,26.029,1
2330.16,1343.882,28.635,27.519,1
2339.028,1279.141,26.007,25.466,1
2343.224,1269.992,27.961,26.984,1
2353.335,1330.861,27.599,26.782,1
2362.632,1384.201,29.375,28.718,1
2362.608,1431.857,25.46,24.907,1
2368.872,1241.37,27.973,27.06,1
2411.092,1350.499,25.804,25.184,1
2400.855,1392.491,25.431,24.874,1
2461.264,1447.283,26.812,26.198,1
2516.663,1241.139,28.622,27.904,1
2525.756,1392.27,27.389,26.647,1
2607.292,1261.969,26.409,25.761,1
2602.097,1283.647,27.924,26.996,1
2656.449,1459.802,27.269,26.596,1
2780.191,1304.631,28.68,27.763,1
2764.43,1340.822,25.248,24.735,1
2788.358,1241.813,27.577,26.882,1
2833.882,1374.017,24.008,23.431,1
2843.917,1296.464,25.779,25.256,1
2854.664,1470.568,24.187,23.093,1
2890.509,1326.869,30.033,29.712,1
2928.464,1396.931,24.934,24.452,1
2958.241,1308.247,25.405,24.824,1
2980.167,1365.124,27.992,27.153,1
3013.83,1376.457,31.792,28.73,1
3021.395,1393.766,26.406,25.788,1
3052.544,1302.093,23.338,22.652,1
3061.644,1379.77,27.788,26.989,1
3055.381,1467.347,25.058,23.437,1
3073.473,1332.965,20.55,19.738,1
3160.922,1246.787,27.16,26.47,1
3238.947,1385.993,28.453,27.375,1
3308.227,1245.499,23.443,21.59,1
3300.835,1364.949,25.774,25.244,1
3479.409,1279.783,25.369,24.91,1
3535.158,1308.291,27.263,26.551,1
3655.085,1248.413,25.999,25.436,1
3659.018,1336.349,25.298,24.776,1
3677.846,1409.569,27.22,26.412,1
3771.402,1246.539,27.089,26.424,1
3916.467,1424.049,25.92,24.671,1
4038.444,1475.652,27.827,27.079,1
111.296,1584.757,25.38,24.848,1
94.161,1677.2,29.914,29.422,1
196.411,1546.311,26.704,26.07,1
223.213,1551.529,27.982,27.125,1
257.596,1710.308,30.221,28.922,1
398.467,1670.367,32.76,29.763,1
421.266,1599.582,27.187,26.583,1
465.054,1613.396,25.717,25.117,1
524.168,1674.651,26.353,24.844,1
699.669,1536.511,25.734,25.166,1
706.465,1650.035,30.887,28.973,1
770.881,1627.275,27.463,26.502,1
773.645,1622.764,25.849,25.306,1
831.943,1603.84,26.633,26.026,1
820.583,1647.145,30.361,29.223,1
870.194,1501.714,26.058,25.453,1
885.626,1700.122,27.357,26.568,1
953.949,1607.329,27.103,26.365,1
1004.132,1596.74,28.886,27.926,1
1036.073,1564.296,26.45,25.855,1
1033.939,1695.767,27.254,26.461,1
1183.815,1682.02,26.108,25.504,1
1243.653,1502.814,28.52,27.314,1
1247.73,1588.475,28.71,27.627,1
1255.907,1621.45,26.3,25.673,1
1270.759,1602.97,26.648,26.015,1
1310.782,1641.627,26.228,25.645,1
1318.886,1702.238,30.958,29.93,1
1372.881,1731.906,26.144,25.543,1
1394.35,1595.282,24.759,24.266,1
1580.755,1494.671,25.711,25.134,1
1597.801,1665.941,25.904,25.344,1
1606.824,1736.493,27.45,26.692,1
1722.829,1534.391,27.354,26.669,1
1731.633,1546.927,27.036,26.354,1
1727.371,1645.412,27.955,27.073,1
1750.278,1681.63,27.198,26.478,1
1754.842,1735.539,24.635,24.13,1
1804.631,1732.338,28.152,27.269,1
1820.23,1501.271,21.731,20.994,1
1822.405,1525.711,27.632,26.829,1
1841.143,1644.921,26.38,25.7,1
1905.537,1703.868,25.706,25.121,1
1968.448,1641.412,28.602,27.681,1
2038.455,1562.923,26.467,25.863,1
2096.62,1497.181,27.375,26.587,1
2106.532,1685.185,26.97,26.297,1
2112.71,1720.974,26.678,25.996,1
2200.04,1726.59,26.152,25.493,1
2224.158,1490.066,26.899,26.218,1
2213.269,1522.936,26.785,26.167,1
2222.342,1668.366,24.994,24.453,1
2242.733,1518.843,26.638,25.977,1
2296.083,1560.509,27.574,26.752,1
2323.844,1575.912,23.737,23.083,1
2331.506,1684.486,25.873,25.289,1
2316.607,1689.658,27.194,26.398,1
2381.398,1702.733,24.634,24.148,1
2432.566,1649.245,26.09,25.43,1
2448.773,1591.666,27.758,27.08,1
2448.107,1667.718,26.991,26.328,1
2451.172,1679.58,25.724,25.209,1
2461.355,1723.879,25.851,25.293,1
2479.612,1632.195,26.564,25.935,1
2473.012,1688.826,28.077,27.24,1
2501.843,1648.211,25.414,24.951,1
2523.822,1535.431,27.35,26.713,1
2525.868,1614.246,26.602,25.986,1
2532.493,1703.155,28.09,27.723,1
2541.229,1560.282,27.229,26.53,1
2582.58,1508.467,27.831,27.083,1
2584.955,1616.263,26.446,25.867,1
2594.36,1541.528,27.284,26.49,1
2597.24,1688.912,27.246,26.513,1
2627.313,1716.983,25.867,25.304,1
2684.225,1570.561,27.834,26.969,1
2725.808,1682.499,27.859,27.054,1
2771.291,1611.779,29.275,28.606,1
2783.404,1652.334,30.331,29.687,1
2828.003,1712.688,27.446,26.727,1
2848.579,1501.771,28.899,27.666,1
2867.154,1663.594,27.492,26.349,1
2920.662,1552.338,25.549,24.901,1
2962.424,1513.936,26.848,26.089,1
2948.807,1716.077,27.492,26.774,1
3104.899,1700.869,28.178,27.21,1
3254.502,1525.177,26.359,25.764,1
3317.498,1582.326,27.603,27.04,1
3353.427,1543.409,25.438,24.914,1
3386.61,1508.027,23.443,22.788,1
3379.893,1709.163,28.934,28.059,1
3400.593,1666.313,27.602,26.709,1
3434.162,1681.949,28.734,27.583,1
3589.306,1648.313,25.381,23.138,1
3671.927,1709.145,25.066,24.548,1
3749.498,1630.148,27.166,26.421,1
3785.293,1611.766,24.21,22.164,1
3811.838,1489.87,28.396,27.521,1
3812.493,1709.303,27.424,25.283,1
3864.42,1684.951,26.93,26.296,1
3903.921,1705.499,27.384,26.701,1
3973.758,1678.408,26.949,26.329,1
4016.249,1492.092,27.994,27.099,1
4102.997,1648.431,25.988,25.397,1
56.176,1862.204,23.968,23.334,1
100.464,1913.035,24.71,24.194,1
208.054,1857.067,25.955,24.494,1
274.791,1800.479,24.807,24.389,1
298.47,1825.537,30.044,29.646,1
441.809,1787.334,27.653,26.831,1
511.291,1742.634,28.304,27.539,1
520.932,1865.141,27.81,26.935,1
684.702,1802.8,27.252,26.581,1
819.612,1770.96,26.746,26.242,1
816.987,1800.249,28.074,27.242,1
946.033,1893.699,25.01,24.534,1
1019.149,1912.31,25.064,24.535,1
1078.109,1890.285,27.158,26.573,1
1100.127,1761.666,27.967,27.025,1
1090.01,1785.43,26.299,25.609,1
1104.858,1867.606,23.548,22.86,1
1179.61,1905.713,26.146,25.51,1
1270.433,1844.903,26.321,25.68,1
1295.557,1776.081,25.416,24.881,1
1303.557,1804.373,26.024,25.455,1
1309.737,1931.652,26.703,25.92,1
1323.386,1764.382,26.806,26.17,1
1322.427,1866.467,25.378,24.889,1
1516.55,1810.168,24.515,24.093,1
1516.318,1950.287,26.587,25.947,1
1547.775,1970.408,26.997,26.245,1
1575.161,1883.394,26.333,25.801,1
1579.887,1877.345,28.413,27.47,1
1590.214,1820.456,22.809,22.095,1
1612.748,1764.389,25.689,25.153,1
1616.888,1813.263,24.03,23.799,1
1679.242,1806.835,26.947,26.299,1
1720.219,1813.265,24.819,24.036,1
1756.921,1901.82,22.022,20.613,1
1787.459,1954.076,28.168,27.251,1
1868.105,1895.775,24.997,24.477,1
1909.292,1799.73,27.991,27.163,1
1903.433,1942.385,25.301,24.826,1
1893.786,1966.457,27.535,26.685,1
1932.581,1859.219,28.345,27.748,1
1919.605,1950.106,27.442,26.758,1
1946.472,1811.073,29.226,28.127,1
1950.472,1838.653,25.666,25.142,1
1973.444,1903.686,26.747,26.103,1
2028.093,1862.777,26.831,26.161,1
2058.277,1751.057,26.348,25.72,1
2052.018,1852.125,24.678,24.186,1
2062.021,1920.768,27.081,26.504,1
2078.868,1794.029,27.256,26.509,1
2123.799,1966.52,27.819,27.042,1
2147.731,1888.579,25.741,25.244,1
2207.748,1932.436,28.069,27.418,1
2308.702,1755.228,24.602,24.074,1
2297.717,1832.065,27.556,24.518,1
2325.454,1963.168,27.313,26.632,1
2349.126,1748.323,25.538,24.964,1
2357.507,1811.867,27.542,26.698,1
2366.088,1779.914,25.012,22.508,1
2391.302,1781.852,26.601,25.925,1
2450.159,1761.151,22.317,21.609,1
2469.375,1792.979,24.403,22.755,1
2495.665,1832.316,26.514,25.917,1
2536.403,1816.31,27.234,26.57,1
2578.821,1908.053,26.169,25.608,1
2596.163,1793.434,26.163,25.538,1
2595.461,1874.84,27.38,26.543,1
2647.855,1954.357,26.682,26.097,1
2683.598,1748.76,26.689,26.046,1
2677.068,1809.853,25.484,24.958,1
2668.441,1904.693,26.662,26.077,1
2761.143,1852.683,28.388,27.507,1
2753.778,1876.448,30.598,30.098,1
2758.479,1879.398,26.029,25.434,1
2820.597,1781.531,28.536,27.928,1
2821.04,1906.546,28.281,27.369,1
3035.319,1767.538,27.518,26.779,1
3036.747,1833.543,25.139,23.146,1
3048.63,1880.651,24.501,24.032,1
3123.623,1944.474,21.595,20.098,1
3191.939,1772.75,26.001,25.429,1
3208.369,1838.844,25.914,25.318,1
3196.039,1878.048,27.418,26.644,1
3231.596,1904.449,26.49,25.812,1
3258.315,1973.383,26.44,25.833,1
3327.074,1755.611,28.251,27.345,1
3382.165,1780.76,27.043,23.628,1
3430.382,1778.668,26.602,25.961,1
3526.097,1928.952,27.793,26.949,1
3637.574,1847.252,25.354,24.818,1
3861.241,1984.792,26.968,26.254,1
3879.721,1754.907,24.21,23.641,1
3867.666,1864.189,20.507,19.92,1
3880.168,1974.421,27.394,26.674,1
3888.541,1771.459,33.833,30.267,1
4094.787,1804.849,25.902,25.287,1
264.118,2120.91,25.202,24.69,1
324.059,2172.99,25.082,24.557,1
328.896,2187.9,27.914,27.089,1
386.419,2015.878,25.285,24.722,1
434.57,1991.79,24.234,23.704,1
500.485,1996.53,27.47,26.658,1
493.4,2015.895,28.544,27.783,1
488.577,2192.595,25.865,25.298,1
554.607,2140.492,23.533,22.866,1
574.024,2167.525,26.449,25.815,1
607.251,2005.724,25.836,25.284,1
636.861,2032.596,27.161,26.613,1
646.904,2096.591,29.667,31.138,1
672.146,2198.22,26.327,24.293,1
716.251,2145.335,24.651,23.441,1
723.89,2163.165,30.164,29.211,1
819.311,2056.892,25.914,25.376,1
862.939,2229.94,26.919,26.212,1
900.196,2172.902,27.612,26.907,1
968.9,2018.957,28.079,27.761,1
1027.533,2026.996,30.284,29.437,1
1074.302,2235.626,28.178,27.415,1
1103.113,2154.407,26.493,25.956,1
1162.287,2112.6,26.451,25.818,1
1220.815,2118.25,27.678,26.899,1
1319.236,2035.879,26.944,26.258,1
1349.184,2117.81,27.572,26.767,1
1378.27,2076.45,26.694,26.043,1
1502.17,2197.765,26.317,25.745,1
1586.481,2036.4,24.785,24.273,1
1569.032,2161.197,25.33,24.82,1
1592.584,2116.78,26.455,25.961,1
1704.003,2182.397,27.217,26.589,1
1726.587,2122.614,23.674,23.049,1
1752.387,2184.311,27.839,27.03,1
1752.555,2210.486,26.422,25.86,1
1811.104,2082.032,27.097,26.385,1
1796.644,2205.011,26.398,25.779,1
1829.679,2218.186,25.833,25.349,1
1838.122,2184.853,26.107,25.49,1
1890.261,2076.081,25.084,24.599,1
1934.539,2127.96,30.131,33.302,1
1917.478,2150.67,26.193,25.576,1
1985.4,2009.881,21.817,21.017,1
2033.829,2164.354,24.49,24.034,1
2053.384,2188.724,24.747,24.257,1
2071.347,2112.04,27.655,26.801,1
2075.749,2134.723,26.06,25.534,1
2103.439,2133.794,28.588,28.077,1
2092.863,2227.064,26.276,25.674,1
2124.983,2120.035,26.655,26.051,1
2208.303,1997.794,26.587,25.892,1
2222.579,2163.219,27.002,26.409,1
2301.867,2204.025,23.191,22.005,1
2364.141,2004.02,24.868,24.348,1
2375.113,2163.102,28.003,27.287,1
2474.193,2212.361,26.927,26.192,1
2555.021,2193.331,28.348,27.264,1
2610.997,2162.488,28.863,28.178,1
2639.218,1992.767,27.152,26.59,1
2659.492,2123.584,27.123,26.488,1
2758.865,2175.592,26.386,25.761,1
2786.041,2187.226,27.588,26.84,1
2827.294,2018.662,26.78,26.142,1
2824.546,2050.346,27.701,27.054,1
2828.139,2159.45,27.376,26.616,1
2921.327,2024.773,24.606,24.144,1
2924.203,2190.181,25.571,25.069,1
3166.776,2217.477,25.102,24.544,1
3315.162,2040.576,26.219,25.604,1
3381.486,2206.766,27.744,26.74,1
3424.821,2066.249,26.964,26.2,1
3427.763,2086.944,24.966,24.417,1
3452.784,2009.209,24.668,23.532,1
3463.489,2054.358,23.269,21.226,1
3545.571,2116.437,26.193,25.501,1
3564.179,2051.022,26.833,26.129,1
3602.34,2047.688,28.498,28.133,1
3622.029,2042.56,27.997,27.165,1
3717,2044.685,23.724,22.42,1
3750.586,2079.157,27.554,26.861,1
3804.695,2065.851,26.938,26.331,1
3912.034,2000.225,26.532,25.882,1
3900.588,2227.61,25.519,25.073,1
3995.385,2022.856,25.994,25.419,1
4080.076,2107.444,25.698,25.148,1
89.542,2414.414,26.808,26.192,1
142.597,2243.295,29.903,29.252,1
182.557,2479.645,25.444,24.891,1
222.893,2405.988,27.707,27.091,1
241.247,2452.925,28.673,27.656,1
334.127,2263.264,27.057,26.387,1
325.297,2341.311,30.176,29.835,1
370.668,2258.544,27.76,26.912,1
370.175,2334.544,25.847,25.281,1
518.448,2393.725,26.206,25.015,1
563.553,2289.955,26.838,26.155,1
640.064,2263.25,24.426,23.963,1
730.324,2473.809,23.621,23.005,1
783.161,2250.798,27.064,26.403,1
764.541,2340.309,26.332,25.688,1
832.332,2251.995,28.079,27.419,1
823.362,2320.81,28.267,27.259,1
830.665,2473.11,25.489,24.972,1
861.603,2323.962,25.039,24.494,1
906.751,2343.24,26.082,25.563,1
921.517,2421.937,26.04,25.415,1
995.235,2420.422,29.646,28.968,1
1071.524,2336.721,27.674,26.92,1
1212.758,2307.663,26.168,25.479,1
1189.999,2388.938,27.846,26.916,1
1220.369,2468.62,26.278,25.654,1
1286.909,2245.559,27.731,27.071,1
1303.342,2353.921,26.516,25.93,1
1302.678,2420.111,25.744,24.031,1
1348.889,2337.354,26.827,26.177,1
1343.849,2442.991,28.39,27.108,1
1363.399,2327.665,26.892,26.125,1
1432.735,2272.083,27.101,26.482,1
1430.507,2393.266,26.916,26.2,1
1449.35,2463.92,27.299,26.614,1
1560.967,2287.469,27.143,26.35,1
1552.884,2441.799,27.352,26.635,1
1579.582,2456.331,23.6,22.938,1
1658.624,2386.818,25.499,24.942,1
1642.97,2469.542,27.8,26.915,1
1707.276,2457.127,26.51,25.758,1
1716.621,2467.074,26.098,25.478,1
1793.771,2298.684,25.481,24.975,1
1790.345,2313.414,28.584,28.129,1
1809.744,2416.945,24.799,24.31,1
1836.469,2450.941,26.473,25.89,1
1826.899,2476.59,22.838,22.142,1
1843.601,2325.636,27.147,26.408,1
1842.689,2383.694,27.611,26.808,1
1846.519,2438.248,24.133,23.084,1
1907.264,2486.26,28.193,27.238,1
1922.605,2248.815,26.696,26.075,1
1923.887,2486.285,27.596,26.966,1
1988.244,2371.722,26.659,25.928,1
2042.736,2268.899,28.355,27.592,1
2062.542,2477.585,26.417,25.753,1
2071.36,2297.996,27.257,26.453,1
2066.677,2390.225,26.102,25.48,1
2096.65,2378.328,27.688,26.904,1
2094.501,2460.529,26.187,25.636,1
2147.03,2239.992,24.583,24.157,1
2178.365,2355.688,26.333,25.712,1
2167.157,2487.049,28.943,28.119,1
2212.855,2304.826,28.411,27.401,1
2282.084,2375.137,28.302,27.276,1
2264.485,2400.418,25.339,24.831,1
2283.882,2409.159,24.847,24.33,1
2304.559,2276.51,23.785,22.551,1
2319.815,2298.737,28.206,27.765,1
2355.068,2293.382,25.534,25.007,1
2364.444,2318.481,24.417,22.873,1
2424.392,2453.544,25.488,24.952,1
2469.526,2321.287,28.859,28.41,1
2488.209,2258.028,28.181,27.171,1
2499.233,2302.039,25.703,25.146,1
2524.927,2238.284,26.873,26.186,1
2672.424,2313.256,25.744,25.222,1
2685.514,2455.66,25.963,24.513,1
2707.638,2360.664,26.724,26.037,1
2746.167,2303.815,25.709,25.174,1
2742.322,2411.043,24.028,23.541,1
2821.559,2333.045,28.36,27.496,1
2875.803,2459.868,21.908,21.397,1
2880.623,2479.633,28.387,27.561,1
2895.256,2271.196,26.128,25.482,1
2912.855,2343.521,28.414,27.601,1
2959.438,2275.838,27.047,26.388,1
2958.596,2369.518,28.427,27.64,1
3019.278,2442.591,27.181,26.571,1
3248.746,2310.241,25.925,25.331,1
3300.215,2487.454,27.571,26.82,1
3343.775,2440.305,24.593,24.105,1
3403.069,2384.581,28.796,28.186,1
3604.169,2306.065,28.429,27.477,1
3649.677,2312.426,27.48,26.709,1
3648.537,2389.958,27.954,27.115,1
3675.113,2327.638,28.048,27.252,1
3794.782,2323.451,21.093,20.321,1
3934.064,2376.244,27.539,26.69,1
3967.626,2410.237,22.596,21.328,1
3985.299,2414.972,28.396,27.478,1
67.065,2599.614,27.635,25.46,1
142.447,2557.156,23.829,22.612,1
199.635,2698.072,27.985,27.116,1
231.759,2548.881,20.322,19.723,1
252.689,2662.277,27.452,26.581,1
363.015,2575.542,27.045,26.355,1
392.993,2673.52,26.374,25.782,1
445.375,2594.28,27.659,25.654,1
475.812,2517.164,27.051,26.416,1
499.777,2643.99,25.091,24.646,1
607.641,2501.548,24.999,24.439,1
629.279,2557.923,25.451,24.918,1
634.708,2600.182,29.265,28.121,1
656.009,2636.744,28.093,27.146,1
679.621,2630.785,30.159,33.305,1
760.181,2545.379,25.587,25.051,1
738.774,2710.445,29.324,28.663,1
772.428,2605.988,29.352,29.071,1
821.429,2701.13,29.126,27.785,1
959.909,2680.808,24.954,23.064,1
996.588,2526.141,27.018,26.371,1
1081.925,2600.021,26.649,25.953,1
1074.106,2701.454,30.37,28.824,1
1103.75,2512.866,25.958,25.415,1
1145.323,2500.799,29.017,27.709,1
1189.867,2599.941,28.788,27.654,1
1231.737,2580.135,28.371,27.437,1
1250.845,2626.748,27.184,26.474,1
1264.548,2709.329,24.422,23.907,1
1300.211,2557.87,21.399,21.147,1
1297.969,2701.705,30.206,29.136,1
1326.04,2659.646,28.905,28.206,1
1345.221,2565.124,21.42,20.136,1
1345.904,2587.217,28.061,27.083,1
1339.831,2690.055,26.672,26.073,1
1537.549,2674.699,28.303,27.463,1
1630.111,2536.112,25.796,25.231,1
1717.246,2519.268,25.598,25.101,1
1742.103,2709.971,27.309,24.332,1
1809.155,2691.695,27.758,26.991,1
1817.577,2491.597,27.988,27.343,1
1816.827,2736.631,24.155,23.584,1
1953.159,2699.653,28.976,28.488,1
2004.729,2536.573,30.544,28.932,1
2052.427,2567.214,26.881,26.171,1
2104.77,2620.366,27.339,26.539,1
2120.027,2597.583,25.778,25.216,1
2130.633,2650.206,28.217,27.497,1
2131.518,2677.722,27.418,26.608,1
2133.507,2707.209,27.233,26.48,1
2154.83,2588.242,26.931,26.304,1
2139.13,2614.511,25.492,23.218,1
2201.287,2501.578,25.835,25.305,1
2208.864,2608.903,28.746,28.632,1
2329.643,2537.203,25.903,25.417,1
2359.551,2716.598,23.531,22.61,1
2370.889,2646.451,25.787,25.217,1
2391.177,2568.519,28.558,27.434,1
2410.349,2584.394,27.483,26.704,1
2410.297,2623.829,27.318,26.536,1
2417.727,2562.358,26.754,26.163,1
2442.148,2695.186,28.136,27.33,1
2459.433,2706.668,25.461,24.9,1
2447.008,2736.752,24.665,24.253,1
2493.282,2594.85,26.268,25.671,1
2519.697,2517.816,28.235,27.246,1
2562.348,2728.562,26.638,26.025,1
2601.789,2578.745,27.456,26.772,1
2649.877,2685.486,26.272,25.708,1
2674.312,2727.667,26.339,25.732,1
2697.465,2709.257,29.114,28.077,1
2716.277,2529.527,27.93,27.13,1
2726.145,2538.291,26.644,26.015,1
2785.869,2725.208,27.011,26.312,1
2806.942,2497.114,27.95,27.264,1
2864.28,2506.307,27.226,26.527,1
2897.302,2572.591,25.235,24.727,1
2969.268,2718.742,28.033,27.327,1
3154.579,2629.509,27.617,26.813,1
3181.179,2504.428,29.65,28.253,1
3187.618,2587.247,28.905,27.916,1
3362.273,2624.438,24.622,24.218,1
3400.738,2601.344,27.908,27.242,1
3479.318,2723.486,27.652,26.922,1
3614.449,2580.645,24.919,24.421,1
3691.991,2695.004,27.281,26.676,1
3691.573,2714.756,24.985,23.844,1
3755.049,2689.987,26.717,26.082,1
3785.668,2695.768,21.845,21.111,1
3808.904,2676.27,27.248,26.366,1
3833.748,2569.916,25.481,23.942,1
3857.922,2662.513,25.022,24.486,1
145.14,2799.801,28.615,27.808,1
154.549,2819.908,24.944,23.929,1
243.028,2772.649,20.522,19.296,1
292.994,2971.927,26.101,24.545,1
434.634,2805.664,26.389,25.795,1
477.644,2968.279,26.82,26.111,1
573.346,2903.404,26.916,26.161,1
614.315,2759.397,25.726,25.169,1
627.37,2844.527,28.119,27.204,1
651.614,2931.046,25.759,25.216,1
642.317,2941.929,29.247,28.387,1
639.036,2977.028,28.759,26.859,1
770.257,2833.28,28.492,27.382,1
783.476,2862.443,26.421,25.819,1
789.465,2774.875,28.31,27.42,1
805.716,2777.229,26.334,25.763,1
803.759,2927.221,26.414,25.75,1
883.56,2799.535,27.623,26.891,1
867.138,2895.084,27.473,26.735,1
884.699,2967.021,23.939,23.391,1
893.577,2927.517,26.051,25.533,1
956.961,2800.368,26.987,24.338,1
1005.852,2756.99,24.68,24.219,1
1008.156,2739.859,28.554,27.452,1
995.235,2869.826,27.498,26.803,1
1016.192,2836.726,27.4,26.607,1
1052.907,2759.815,24.448,23.986,1
1069.149,2910.149,27.095,26.354,1
1072.992,2888.341,27.644,26.736,1
1114.422,2782.249,26.199,25.618,1
1124.476,2932.793,27.47,26.762,1
1222.119,2775.212,23.518,23.302,1
1260.892,2943.915,27.657,26.804,1
1243.774,2983.585,24.729,24.185,1
1277.156,2852.361,28.76,27.902,1
1302.867,2818.082,27.349,26.579,1
1327.506,2962.461,28.077,27.375,1
1349.835,2797.752,26.205,25.602,1
1361.699,2945.55,25.214,24.716,1
1624.321,2882.091,25.524,24.982,1
1628.146,2982.536,25.827,25.198,1
1661.692,2879.964,27.807,26.928,1
1682.803,2932.481,27.609,27.45,1
1692.345,2759.005,25.649,25.088,1
1719.326,2981.53,28.747,27.71,1
1761.843,2853.432,26.577,25.851,1
1743.346,2904.357,26.7,26.083,1
1777.261,2976.913,26.107,25.507,1
1788.46,2871.548,27.012,26.274,1
1864.952,2762.155,29.101,27.836,1
1904.896,2984.41,25.379,24.835,1
1936.715,2942.554,25.532,24.961,1
1969.039,2932.563,26.306,25.739,1
1986.012,2915.02,29.044,28.474,1
2002.867,2832.316,25.878,25.251,1
2036.482,2751.252,27.342,26.49,1
2020.426,2969.689,26.392,25.773,1
2059.139,2972.195,26.333,25.622,1
2094.789,2927.738,24.442,23.95,1
2088.998,2980.787,22.579,21.863,1
2222,2755.685,28.488,27.351,1
2275.744,2803.937,28.339,27.426,1
2348.198,2856.451,27.4,26.64,1
2399.666,2837.483,24.868,24.478,1
2426.356,2820.448,27.703,26.918,1
2514.023,2884.156,29.225,28.527,1
2536.315,2920.669,26.408,25.82,1
2574.738,2769.084,30.656,29.403,1
2601.722,2776.9,27.713,27.563,1
2607.064,2963.807,28.641,27.874,1
2620.181,2761.003,28.693,28.008,1
2612.665,2887.381,30.366,29.922,1
2635.139,2934.458,25.132,24.625,1
2708.201,2764.884,25.937,25.395,1
2763.902,2825.656,26.389,25.78,1
2794.049,2952.413,26.256,25.679,1
2914.153,2929.778,25.053,22.747,1
2956.7,2776.678,25.353,24.814,1
2959.961,2793.275,27.283,26.594,1
3011.958,2924.376,26.201,25.572,1
3038.354,2912.974,23.463,21.25,1
3066.415,2753.671,27.419,26.736,1
3109.11,2800.512,27.912,27.287,1
3091.828,2820.359,26.694,25.945,1
3094.953,2888.145,23.53,21.745,1
3145.744,2851.937,20.907,20.116,1
3157.606,2920.479,27.445,26.608,1
3190.198,2855.56,24.141,23.599,1
3256.465,2957.651,26.571,25.856,1
3284.241,2962.6,25.889,25.365,1
3275.094,2968.914,26.789,26.148,1
3332.689,2785.346,25.755,25.158,1
3347.787,2891.408,26.586,26.002,1
3486.138,2923.293,27.441,26.664,1
3463.438,2966.337,28.766,28.217,1
3475,2981.47,26.871,26.244,1
3513.782,2741.769,28.481,27.58,1
3533.906,2749.965,27.312,26.441,1
3760.419,2768.505,26.777,25.986,1
3788.934,2812.49,28.666,27.886,1
3813.954,2923.171,25.36,24.768,1
3817.242,2941.005,27.387,26.607,1
3844.01,2752.924,21.155,19.38,1
3886.681,2906.644,27.24,26.48,1
3988.943,2805.815,34.187,28.905,1
4022.213,2919.299,26.069,24.613,1
4064.486,2886.615,27.293,26.477,1
108.421,3151.79,27.304,26.638,1
221.157,3003.823,29.073,28.289,1
270.448,3114.633,25.511,24.976,1
344.861,3227.494,26.803,26.169,1
375.756,3045.424,30.137,28.509,1
395.357,3043.553,30.726,29.345,1
490.663,3111.525,27.111,26.451,1
549.59,3078.742,26.226,24.39,1
549.008,3124.651,26.124,25.606,1
575.091,3182.883,30.551,31.936,1
632.667,3190.076,26.532,25.913,1
780.58,3010.654,27.464,26.68,1
779.956,3063.887,25.942,25.427,1
804.013,3201.696,29.132,28.236,1
816.159,3193.831,26.067,25.501,1
845.981,3063.011,28.729,27.58,1
883.282,3079.472,21.791,21.046,1
974.952,3146.004,27.069,26.199,1
995.054,3008.885,27.369,26.773,1
992.453,3017.056,23.959,23.363,1
992.857,3041.427,25.053,24.562,1
1052.484,3003.698,23.731,23.088,1
1110.007,3017.12,27.337,26.775,1
1111.962,3129.467,25.708,25.139,1
1110.624,3212.753,25.645,24.295,1
1126.522,3028.117,27.214,26.398,1
1210.815,3042.456,27.454,26.647,1
1217.553,3103.211,27.922,27.169,1
1278.352,3180.707,26.282,25.643,1
1291.142,2988.145,24.733,24.378,1
1394.63,3014.987,26.991,26.347,1
1434.381,2990.026,25.787,25.247,1
1438.016,3088.295,27.072,26.386,1
1500.747,3225.937,28.582,27.592,1
1535.145,3234.895,26.095,25.482,1
1585.83,3033.621,27.243,26.401,1
1579.76,3068.711,26.247,25.689,1
1614.11,3072.97,26.885,26.21,1
1651.161,3126.051,25.248,24.692,1
1684.42,3190.664,27.756,26.85,1
1696.13,3063.928,29.185,25.248,1
1705.566,3107.792,24.525,24.031,1
1744.705,3088.753,26.339,25.664,1
1749.005,3172.99,28.38,27.476,1
1776.173,2997.177,27.188,26.463,1
1778.31,3205.197,25.62,25.108,1
1806.986,3210.379,24.634,24.155,1
1821.927,3112.157,24.087,23.499,1
1838.181,3214.788,26.417,25.804,1
1875.498,3174.366,25.518,23.235,1
1911.214,3068.115,27.721,26.989,1
1909.006,3096.655,22.305,21.181,1
1980.822,3105.963,27.984,26.937,1
2000.562,3142.826,24.405,23.978,1
2012.109,3210.167,23.864,23.201,1
1991.486,3232.229,26.624,26.016,1
2022.768,3065.518,25.508,24.251,1
2023.461,3128.784,27.993,26.868,1
2054.047,2998.295,25.522,24.982,1
2084.724,3037.987,25.385,24.826,1
2134.688,3037.93,25.7,25.18,1
2132.157,3114.381,27.829,27.047,1
2170.752,3028.129,24.732,24.377,1
2208.707,3121.162,26.295,25.584,1
2196.493,3191.107,25.922,25.31,1
2229.747,3028.61,27.769,26.997,1
2353.4,3139.817,24.684,24.197,1
2411.632,3090.288,26.453,25.853,1
2416.958,3018.415,22.716,21.989,1
2461.872,3125.152,27.984,27.121,1
2599.428,3103.145,28.224,27.282,1
2637.908,3086.292,27.581,26.996,1
2652.917,3059.142,23.69,22.081,1
2641.159,3193.637,28.806,27.759,1
2695.161,3137.518,28.49,27.587,1
2779.782,3122.881,27.689,26.894,1
2819.073,3220.41,27.369,26.547,1
2867.498,3060.126,27.071,26.371,1
2946.996,3061.526,25.089,24,1
2955.497,3077.852,27.268,26.55,1
3076.003,3095.469,25.922,25.397,1
3270.237,2999.716,28.786,27.748,1
3280.988,3149.709,26.463,25.878,1
3441.083,2988.124,26.355,25.8,1
3496.226,3050.488,25.102,24.606,1
3577.786,3028.975,30.318,30.836,1
3616.904,3074.354,28.617,27.568,1
3696.882,3136.578,28.076,27.155,1
3752.312,3027.278,23.929,23.329,1
3957.504,3150.848,26.844,26.152,1
4006.415,3043.176,28.973,28.133,1
4038.691,3056.819,28.529,26.666,1
96.585,3375.122,27.625,26.902,1
131.275,3251.742,25.431,24.924,1
195.91,3248.903,24.668,24.097,1
257.543,3427.667,27.645,26.833,1
296.493,3347.971,25.86,25.291,1
371.083,3382.093,26.655,26.023,1
392.77,3307.01,27.583,26.734,1
450.726,3264.293,25.359,24.846,1
494.001,3319.676,24.637,24.145,1
527.01,3424.935,27.989,27.215,1
513.757,3482.617,27.307,26.659,1
582.593,3281.891,25.351,24.814,1
582.709,3395.092,26.528,25.85,1
587.36,3462.525,28.582,27.675,1
643.39,3327.152,26.762,26.115,1
649.493,3365.507,25.388,24.888,1
674.527,3294.641,22.772,22.082,1
715.75,3333.062,25.238,22.182,1
734.602,3321.121,27.098,26.264,1
756.068,3397.505,27.144,26.394,1
782.994,3435.102,26.637,25.977,1
797.612,3295.426,27.867,27.076,1
874.759,3465.699,26.712,26.026,1
888.311,3453.145,25.354,24.785,1
912.432,3414.995,30.411,29.522,1
978.813,3255.275,28.128,27.195,1
1142.556,3466.155,25.849,25.308,1
1191.997,3259.686,28.145,27.29,1
1229.393,3449.543,27.115,26.426,1
1239.37,3245.121,24.894,24.364,1
1307.059,3253.896,28.574,27.701,1
1296.919,3308.772,26.309,25.722,1
1362.117,3239.401,26.927,26.245,1
1370.58,3371.653,26.781,26.093,1
1509.712,3254.349,27.94,27.093,1
1549.775,3403.632,25.774,25.26,1
1587.034,3315.078,27.879,26.966,1
1685.549,3318.365,27.404,26.467,1
1681.665,3448.306,25.212,24.711,1
1710.111,3439.964,21.15,20.384,1
1862.034,3351.433,26.372,25.704,1
1841.451,3451.688,26.553,25.97,1
1911.215,3251.346,25.292,24.805,1
1904.889,3419.204,28.171,27.069,1
1926.614,3400.72,21.186,20.408,1
1955.758,3285.305,24.495,21.192,1
2083.174,3475.29,26.113,25.563,1
2139.943,3374.041,27.019,26.325,1
2178.859,3304.516,25.676,25.068,1
2164.742,3364.498,28.401,27.577,1
2190.609,3311.232,24.856,24.351,1
2361.002,3438.696,27.66,26.879,1
2509.677,3285.23,27.089,26.437,1
2518.414,3242.793,24.227,23.725,1
2545.76,3294.463,26.833,26.141,1
2552.704,3309.76,26.2,25.607,1
2630.414,3460.739,25.645,25.032,1
2653.907,3247.716,27.88,27.062,1
2687.48,3391.629,34.127,30.703,1
2694.827,3459.323,26.236,25.661,1
2861.762,3264.252,25.482,23.968,1
2838.806,3354.057,26.566,25.849,1
2852.271,3347.843,26.742,26.07,1
2884.867,3251.937,28.445,27.485,1
2891.55,3426.948,27.486,26.576,1
2920.471,3486.328,28.589,27.734,1
2939.69,3296.123,28.18,27.5,1
2986.824,3402.118,28.17,27.249,1
3083.985,3321.978,26.102,25.533,1
3079.671,3441.615,27.522,26.729,1
3107.206,3390.061,25.014,23.758,1
3182.281,3312.808,23.258,22.598,1
3187.169,3254.644,28.392,27.368,1
3206.302,3459.024,25.434,24.809,1
3281.699,3388.078,25.394,24.889,1
3312.611,3297.847,27.501,26.762,1
3347.075,3347.443,22.322,20.419,1
3400.986,3350.063,26.803,26.125,1
3526.611,3444.62,28.499,27.64,1
3561.206,3425.271,25.529,24.936,1
3577.329,3444.34,27.094,26.388,1
3682.475,3447.412,25.214,24.698,1
3797.845,3350.697,27.564,24.923,1
3924.98,3308.384,28.529,27.589,1
3950.194,3333.929,30.027,33.079,1
3982.32,3253.075,25.941,25.409,1
4071.326,3308.33,30.817,29.888,1
4070.178,3440.482,34.208,29.599,1
195.503,3644.686,25.032,24.509,1
257.036,3525.255,25.043,24.514,1
290.212,3680.568,26.903,26.208,1
358.489,3724.921,22.55,21.367,1
460.52,3538.291,24.1,23.545,1
544.457,3679.214,25.925,25.46,1
613.873,3499.511,27.423,26.693,1
623.029,3722.568,29.77,28.176,1
657.571,3641.943,27.847,26.948,1
647.641,3679.545,25.667,25.11,1
656.86,3684.28,27.535,26.923,1
709.07,3656.796,25.924,25.378,1
716.395,3521.08,26.12,25.538,1
728.226,3721.654,25.711,25.157,1
825.945,3720.586,31.23,29.152,1
904.353,3529.726,29.178,28.152,1
1030.904,3574.689,29.708,28.433,1
1111.756,3491.113,27.657,26.843,1
1098.319,3619.588,28.393,27.577,1
1118.831,3542.851,28.678,27.906,1
1123.189,3727.779,28.239,27.377,1
1157.014,3736.112,29.318,28.406,1
1166.823,3627.956,29.127,28.188,1
1210.761,3654.235,25.455,24.948,1
1237.878,3653.367,27.953,27.026,1
1263.026,3652.776,25.891,25.321,1
1269.44,3556.828,25.605,24.991,1
1288.585,3501.541,25.997,25.453,1
1323.383,3512.161,28.212,27.152,1
1329.794,3700.988,25.597,24.156,1
1436.285,3672.026,25.507,24.959,1
1428.521,3725.685,28.73,27.915,1
1506.939,3682.283,26.345,25.753,1
1539.197,3563.105,26.503,25.87,1
1563.088,3518.142,25.194,24.679,1
1607.355,3621.721,26.508,25.899,1
1736.656,3665.939,27.038,26.477,1
1742.669,3619.188,25.933,25.299,1
1763.01,3737.014,28.75,28.059,1
1881.933,3685.252,22.762,20.582,1
1920.117,3601.766,24.892,24.384,1
1958.557,3568.475,26.347,25.693,1
1975.137,3525.52,27.638,26.848,1
2006.178,3557.564,25.714,24.498,1
2019.891,3602.335,24.099,23.519,1
2079.597,3712.778,26.509,25.902,1
2153.631,3497.407,26.859,26.182,1
2151.946,3711.278,27.547,26.652,1
2166.665,3567.398,28.878,27.961,1
2239.027,3512.044,28.517,27.625,1
2301.771,3628.122,28.607,27.642,1
2323.907,3555.093,27.393,26.682,1
2350.679,3547.537,27.847,26.979,1
2389.854,3641.354,27.201,26.603,1
2456.956,3601.63,26.207,25.5,1
2452.528,3655.21,27.307,26.615,1
2469.004,3728.895,26.521,25.861,1
2492.967,3613.812,26.481,25.865,1
2526.155,3639.596,25.095,24.542,1
2568.795,3675.226,27.433,26.664,1
2701.527,3551.743,30.596,31.262,1
2704.965,3637.884,29.169,28.359,1
2702.464,3722.882,27.07,26.446,1
2715.419,3708.122,26.524,25.933,1
2731.683,3702.377,27.71,26.864,1
2826.117,3689.353,27.329,26.452,1
2864.373,3512.668,27.447,26.676,1
2971.148,3513.59,28.781,27.937,1
3034.455,3526.328,26.581,25.93,1
3032.58,3638.279,27.596,26.757,1
3156.49,3633.199,26.663,25.994,1
3193.864,3517.247,27.591,26.749,1
3281.358,3573.308,26.645,26.01,1
3293.62,3491.117,27.694,26.891,1
3343.41,3621.762,28.017,27.009,1
3545.139,3696.781,30.779,30.158,1
3621.627,3490.182,25.449,24.91,1
3635.402,3643.312,26.121,25.567,1
3692.357,3722.198,27.516,26.755,1
3727.656,3514.853,25.177,24.68,1
3781.509,3530.355,27.124,26.459,1
3801.654,3575.642,25.135,24.625,1
3792.379,3664.342,28.749,27.744,1
3846.134,3719.65,25.423,24.904,1
3888.427,3495.219,26.612,25.932,1
3923.946,3543.502,24.246,23.754,1
3941.532,3675.044,27.653,26.766,1
4067.315,3575.191,24.854,23.007,1
172.255,3884.503,24.989,23.539,1
219.469,3861.356,34.194,29.149,1
391.454,3914.447,27.766,27.137,1
426.506,3837.895,28.012,27.191,1
420.565,3853.182,30.537,30.08,1
659.214,3747.871,27.887,26.903,1
758.818,3847.731,27.183,26.556,1
771.675,3808.892,27.4,26.733,1
831.876,3810.954,31.596,30.571,1
1052.321,3746.533,28.725,27.704,1
1082.963,3814.902,29.916,28.099,1
1063.28,3851.869,27.817,26.862,1
1152.072,3864.262,32.904,29.639,1
1160.155,3910.171,25.622,25.081,1
1172.072,3767.824,26.878,26.217,1
1203.072,3954.102,26.657,24.124,1
1241.564,3965.661,27.886,26.91,1
1278.573,3890.037,25.891,25.289,1
1278.258,3947.661,20.65,20.076,1
1308.649,3872.165,24.163,23.629,1
1294.622,3938.113,27.594,26.658,1
1335.978,3800.929,26.995,26.359,1
1343.754,3893.32,25.229,24.688,1
1389.585,3915.418,26.889,24.38,1
1429.336,3983.651,32.121,29.262,1
1461.952,3757.392,29.824,29.401,1
1458.268,3842.729,28.613,27.602,1
1512.028,3926.687,27.43,26.626,1
1490.288,3956.3,28.448,27.457,1
1538.422,3939.657,26.134,25.465,1
1598.536,3860.135,26.633,25.954,1
1647.328,3954.277,27.308,26.538,1
1705.663,3882.08,28.196,27.263,1
1764.208,3889.702,28.143,27.418,1
1848.37,3875.706,24.182,23.647,1
1881.204,3915.615,25.906,25.337,1
1886.505,3954.978,27.497,26.79,1
1891.034,3826.14,26.352,25.743,1
2007.578,3852.845,28.804,27.622,1
2037.853,3743.998,27.728,26.93,1
2024.817,3823.53,25.984,25.403,1
2052.397,3956.046,26.648,25.85,1
2045.01,3987.234,22.765,20.739,1
2126.774,3877.102,24.898,24.404,1
2133.419,3869.185,25.733,25.233,1
2169.192,3766.882,26.802,26.163,1
2169.922,3855.439,28.506,27.69,1
2234.832,3775.003,27.506,26.711,1
2245.378,3821.748,28.817,28.001,1
2264.089,3822.812,28.712,27.995,1
2275.496,3904.782,25.672,25.138,1
2290.454,3817.659,25.417,24.856,1
2308.771,3965.458,23.557,21.434,1
2317.712,3907.566,27.815,26.991,1
2382.967,3876.503,25.739,25.202,1
2383.861,3918.005,27.714,27.042,1
2427.03,3976.079,27.398,26.577,1
2467.804,3863.868,27.195,26.376,1
2532.219,3832.223,24.18,22.041,1
2518.856,3888.236,26.124,25.571,1
2627.491,3895.264,23.287,21.127,1
2725.62,3915.313,27.65,26.829,1
2812.273,3917.51,28.154,27.25,1
2814.057,3754.353,28.25,27.23,1
2911.787,3859.233,26.199,25.585,1
2912.79,3896.424,26.367,25.763,1
2914.85,3816.29,30.436,29.182,1
3012.618,3900.695,28.436,27.532,1
3046.861,3739.42,26.516,25.832,1
3172.994,3759.193,27.096,26.384,1
3198.89,3868.671,28.377,27.597,1
3332.657,3809.451,21.433,21.12,1
3325.89,3887.592,29.108,28.337,1
3409.654,3780.504,30.455,29.578,1
3501.498,3797.855,32.804,33.342,1
3514.187,3746.47,27.804,26.979,1
3529.185,3875.177,26.672,26.08,1
3540.158,3744.565,25.762,25.196,1
3664.612,3803.13,23.23,22.982,1
3758.302,3744.959,31.335,31.271,1
3741.082,3919.688,26.889,26.205,1
3767.847,3886.06,25.791,25.289,1
3783.257,3887.322,31.206,30.959,1
3807.291,3828.239,23.066,22.344,1
3796.804,3912.849,26.704,26.067,1
4015.748,3949.829,23.264,20.864,1
4041.043,3853.143,26.748,26.129,1
1548.882,4000.93,26.584,25.945,1
1697.375,4010.826,27.489,26.692,1
2039.928,4001.558,29.07,28.099,1
2107.262,4049.941,25.365,24.858,1
2144.011,4016.397,27.408,26.695,1
2182.692,4035.483,25.217,22.776,1
2244.321,4049.481,27.481,26.723,1
2268.449,4066.079,26.477,25.886,1
2348.328,4078.092,26.655,25.995,1
2380.653,4040.288,27.012,26.342,1
2436.369,4082.75,25.359,24.827,1
2445.628,4116.73,24.934,24.488,1
2476.812,4046.555,23.947,22.672,1
2561.336,4060.008,24.986,24.517,1
2600.717,4013.959,25.992,25.343,1
2698.605,4093.613,29.023,28.129,1
2724.321,4002.226,28.44,27.429,1
2782.753,3995.119,26.88,26.242,1
2777.398,4021.179,28.015,27.02,1
2771.623,4045.816,28.088,27.29,1
2806.83,4083.13,22.423,21.698,1
2850.46,4025.236,26.023,25.554,1
3107.274,4120.889,27.281,26.54,1
3143.775,4139.33,26.835,24.613,1
3206.976,4128.838,22.335,20.509,1
3341.032,4106.524,26.094,25.535,1
3387.959,4160.884,25.037,22.907,1
3410.06,4053.172,23.205,21.102,1
3463.322,4068.105,27.029,24.176,1
3566.115,4052.275,26.129,25.524,1
3604.429,4087.17,27.093,26.393,1
3591.879,4166.619,28.506,26.955,1
3800.09,4134.353,30.317,29.957,1
3839.85,4141.853,26.415,25.835,1
4045.446,4001,28.912,27.903,1
4062.208,4055.35,28.28,27.318,1
4083.587,4008.508,28.088,27.225,1
